{"cameraMode":{"drawMode":0,"name":"Shaded","section":"Shading Mode"},"sceneLighting":true,"audioPlay":false,"sceneViewState":{"showFog":true,"showMaterialUpdate":false,"showSkybox":true,"showFlares":true,"showImageEffects":true,"showParticleSystems":true},"in2DMode":false,"pivot":{"x":0.029051363468170167,"y":2.242562770843506,"z":4.588994026184082},"rotation":{"x":-0.010303483344614506,"y":0.9752628207206726,"z":-0.21584577858448029,"w":-0.04655429348349571},"size":1.3525049686431885,"orthographic":false}